{
	"rulesDirectory": [
		"node_modules/codelyzer"
	],
	"rules": {
		"indent": [
			true,
			"spaces",
			4
		],
		"align": [
			true,
			"statements"
		],
		"array-type": [
			true,
			"array"
		],
		"arrow-parens": true,
		"prefer-const": true,
		"ban": [
			true,
			[]
		],
		"class-name": true,
		"comment-format": [
			true,
			"check-space"
		],
		"curly": true,
		"eofline": true,
		"forin": false,
		"interface-name": [
			true,
			"always-prefix"
		],
		"jsdoc-format": true,
		"label-position": true,
		"max-line-length": [
			true,
			300
		],
		"member-access": [
			false
		],
		"member-ordering": [
			true,
			{
				"order": [
					"private-static-field",
					"protected-static-field",
					"public-static-field",
					"private-instance-field",
					"protected-instance-field",
					"public-instance-field",
					"constructor",
					"public-static-method",
					"protected-static-method",
					"private-static-method",
					"public-instance-method",
					"protected-instance-method",
					"private-instance-method"
				]
			}
		],
		"new-parens": true,
		"no-angle-bracket-type-assertion": false,
		"no-any": false,
		"no-arg": true,
		"no-bitwise": true,
		"no-conditional-assignment": true,
		"no-consecutive-blank-lines": [
			true
		],
		"no-console": [
			false,
			"assert",
			"count",
			"debug",
			"dir",
			"dirxml",
			"error",
			"group",
			"groupCollapsed",
			"groupEnd",
			"info",
			"log",
			"profile",
			"profileEnd",
			"table",
			"time",
			"timeEnd",
			"timeStamp",
			"trace",
			"warn"
		],
		"no-construct": true,
		"no-debugger": true,
		"no-default-export": true,
		"no-duplicate-variable": true,
		"no-empty": false,
		"no-empty-interface": false,
		"no-eval": true,
		"no-inferrable-types": [
			false,
			"ignore-params"
		],
		"no-internal-module": true,
		"no-invalid-this": true,
		"no-magic-numbers": false,
		"no-namespace": true,
		"no-null-keyword": true,
		"no-reference": true,
		"no-require-imports": true,
		"no-shadowed-variable": true,
		"no-string-literal": false,
		"no-string-throw": true,
		"no-switch-case-fall-through": true,
		"no-trailing-whitespace": true,
		"no-unused-expression": true,
		"no-var-keyword": true,
		"no-var-requires": true,
		"object-literal-sort-keys": false,
		"no-irregular-whitespace": true,
		"no-return-await": true,
		"space-within-parens": false,
		"space-before-function-paren": [
			true,
			"never"
		],
		"switch-final-break": [
			true,
			"always"
		],
		"whitespace": [
			true,
			"check-branch",
			"check-decl",
			"check-operator",
			"check-module",
			"check-separator",
			"check-type",
			"check-typecast"
		],
		"padding-line-between-statements": [
			"error",
			{
				"blankLine": "always",
				"prev": "var",
				"next": "return"
			}
		],
		"comma-spacing": [
			"error",
			{
				"before": false,
				"after": true
			}
		],
		"one-line": [
			true,
			"check-catch",
			"check-finally",
			"check-else",
			"check-open-brace",
			"check-whitespace"
		],
		"one-variable-per-declaration": true,
		"quotemark": [
			true,
			"single",
			"avoid-escape"
		],
		"radix": true,
		"semicolon": [
			true,
			"always"
		],
		"switch-default": false,
		"trailing-comma": [
			true,
			{
				"multiline": "always",
				"single": "always"
			}
		],
		"triple-equals": true,
		"typedef": [
			false,
			"call-signature",
			"parameter",
			"arrow-parameter",
			"property-declaration",
			"variable-declaration",
			"member-variable-declaration"
		],
		"typedef-whitespace": [
			true,
			{
				"call-signature": "nospace",
				"index-signature": "nospace",
				"parameter": "nospace",
				"property-declaration": "nospace",
				"variable-declaration": "nospace"
			},
			{
				"call-signature": "onespace",
				"index-signature": "onespace",
				"parameter": "onespace",
				"property-declaration": "onespace",
				"variable-declaration": "onespace"
			}
		],
		"use-isnan": true,
		"variable-name": [
			true,
			"ban-keywords",
			"check-format",
			"allow-leading-underscore",
			"allow-pascal-case"
		],
		"no-input-rename": false,
		"no-output-rename": false,
		"no-forward-ref": false,
		"directive-selector": [
			true,
			"attribute",
			"vrp",
			"camelCase"
		],
		"component-selector": [
			true,
			"element",
			"vrp",
			"kebab-case"
		],
		"component-class-suffix": true,
		"directive-class-suffix": true,
		"use-input-property-decorator": true,
		"use-output-property-decorator": true,
		"use-host-property-decorator": true,
		"no-attribute-parameter-decorator": true,
		"use-life-cycle-interface": true,
		"use-pipe-transform-interface": true
	}
}